"","RC1","RC2"
"V1",0.406789577812995,0.883708438363226
"V2",0.457860119364782,0.856084385373638
"V3",0.730792166537861,0.598749706855607
"V4",0.854881373148019,0.386487913875024
"V5",0.82101345315908,0.434269163440252
